,STATEx,FDIDx,INC_DATEx,INC_NOx,EXP_NOx,VERSIONx,NUM_UNIT,NOT_RES,BLDG_INVOL,ACRES_BURN,LESS_1ACRE,ON_SITE_M1,MAT_STOR1,ON_SITE_M2,MAT_STOR2,ON_SITE_M3,MAT_STOR3,AREA_ORIG,HEAT_SOURC,FIRST_IGN,CONF_ORIG,TYPE_MAT,CAUSE_IGN,FACT_IGN_1,FACT_IGN_2,HUM_FAC_1,HUM_FAC_2,HUM_FAC_3,HUM_FAC_4,HUM_FAC_5,HUM_FAC_6,HUM_FAC_7,HUM_FAC_8,AGE,SEX,EQUIP_INV,SUP_FAC_1,SUP_FAC_2,SUP_FAC_3,MOB_INVOL,MOB_TYPE,MOB_MAKE,MOB_MODEL,MOB_YEAR,MOB_LIC_PL,MOB_STATE,MOB_VIN_NO,EQ_BRAND,EQ_MODEL,EQ_SER_NO,EQ_YEAR,EQ_POWER,EQ_PORT,FIRE_SPRD,STRUC_TYPE,STRUC_STAT,BLDG_ABOVE,BLDG_BELOW,BLDG_LGTH,BLDG_WIDTH,TOT_SQ_FT,FIRE_ORIG,ST_DAM_MIN,ST_DAM_SIG,ST_DAM_HVY,ST_DAM_XTR,FLAME_SPRD,ITEM_SPRD,MAT_SPRD,DETECTOR,DET_TYPE,DET_POWER,DET_OPERAT,DET_EFFECT,DET_FAIL,AES_PRES,AES_TYPE,AES_OPER,NO_SPR_OP,AES_FAIL,key,DEPT_STA,INC_TYPE,ADD_WILD,AID,ALARM,ARRIVAL,INC_CONT,LU_CLEAR,SHIFT,ALARMS,DISTRICT,ACT_TAK1,ACT_TAK2,ACT_TAK3,APP_MOD,SUP_APP,EMS_APP,OTH_APP,SUP_PER,EMS_PER,OTH_PER,RESOU_AID,PROP_LOSS,CONT_LOSS,PROP_VAL,CONT_VAL,FF_DEATH,OTH_DEATH,FF_INJ,OTH_INJ,DET_ALERT,HAZ_REL,MIXED_USE,PROP_USE,CENSUS,LOC_TYPE,NUM_MILE,STREET_PRE,STREETNAME,STREETTYPE,STREETSUF,APT_NO,CITY,STATE_ID,ZIP5,ZIP4,X_STREET,yyyy-mm-dd,Maximum Temperature,Minimum Temperature,Temperature,Wind Chill,Heat Index,Precipitation,Snow Depth,Wind Speed,Wind Gust,Visibility,Cloud Cover,Relative Humidity,Weather Type,Conditions
0,AK,11100,1042018,18053,0,5,0,Y,0,0,N,,,,,,,24,11,62,1,12,3,23,,N,,,,,,,,,,600,NNN,,,N,,,,,,,,,,,,22,2,1,1,2,2,0,,,10000,1,1,0,0,0,N,,,1,3,2,1,,,1,5,3,0,5,AK_11100_1042018_18053_0,1,111,N,N,10420181019,10420181021,,10420181040,C,,14,42,55,87,Y,0,0,8,0,0,14,N,0,0,1200000,2000000,0,,0,,2,1,NN,161,,1,2,,MARINE,WAY,,,City and Borough of,AK,99801,,MAIN ST S SEWARD ST,1/4/2018,38,33.2,34.9,28.7,,1.25,4.14,8,,4.6,100,99.85,"Mist, Light Snow, Rain, Light Rain And Snow, Light Rain","Rain, Overcast"
1,AK,11100,1172018,18261,0,5,1,N,1,,N,,,,,,,14,12,31,1,71,2,54,,N,,,,,,,,,,,NNN,,,N,,,,,,,,,,,,,,1,1,2,1,1,,,1200,1,,,,,Y,,,U,,,,,,N,,,,,AK_11100_1172018_18261_0,1,111,N,N,11720181729,11720181733,,11720181906,A,,14,11,21,,Y,10,0,3,14,0,18,N,5000,5000,342248,25000,0,,0,,,N,NN,419,,1,241,,BEHRENDS,AVE,,,Juneau,AK,99801,,HIGHLAND DR ROSS WAY,1/17/2018,41.1,26,34.7,21.4,,0,17.09,17.2,24.2,9.8,47.5,96.58,"Mist, Light Rain",Partially cloudy
2,AK,11100,1172018,18263,0,5,0,Y,0,,Y,,,,,,,94,64,64,,23,1,10,,,,,,,6,,,,,NNN,NNN,,,N,,,,,,,,,,,,,,,,,,,,,,,,,,,,,,,,,,,,,,,,,AK_11100_1172018_18263_0,3,160,N,N,11720182007,11720182015,,11720182057,A,,31,86,,,Y,0,0,2,0,0,5,N,0,0,0,0,0,,0,,,N,NN,960,,1,,,RENNINGER ST GLACIER HWY,,,,Juneau,AK,99801,,GLACIER HWY,1/17/2018,41.1,26,34.7,21.4,,0,17.09,17.2,24.2,9.8,47.5,96.58,"Mist, Light Rain",Partially cloudy
3,AK,11100,2042018,1824789,0,5,0,Y,0,0,N,,,,,,,83,13,99,,41,3,20,,N,,,,,,,,,,,NNN,,,3,10,CR,Town and Country,2000,GVB 696,AK,1C4GJ453X1B211329,,,,,,,,,,,,,,,,,,,,,,,,,,,,,,,,,,AK_11100_2042018_1824789_0,1,131,N,N,20420181927,20420181933,,20420181953,A,,14,10,86,,Y,0,0,2,0,0,4,N,1000,0,1000,0,0,,0,,,N,NN,965,,1,3415,,GLACIER,HWY,,,Juneau,AK,99801,,HOSPITAL DR WIRE ST,2/4/2018,29,7.1,15.3,0.4,,0,3.19,8.1,21.9,9.9,23.1,74.06,,Clear
4,AK,11100,2142018,1824911,0,5,0,N,0,,Y,NNN,N,,,,,94,13,73,,,4,NN,,N,,,,,,,,,,211,NNN,,,N,,,,,,,,,,,,11,2,,,,,,,,,,,,,,,,,,,,,,,,,,,,AK_11100_2142018_1824911_0,3,141,N,N,21420181038,21420181051,,21420181107,B,,41,86,,,Y,0,0,2,0,0,4,N,0,0,0,0,0,,0,,,,,983,,1,10765,,GLACIER,HWY,,,Juneau,AK,99801,,WILMA AVE AUKE LAKE WAY,2/14/2018,30.8,21.8,27,15.5,,0,4.64,12.7,,9.3,74.5,97.97,"Mist, Fog",Partially cloudy
5,AK,11100,2142018,1824912,0,5,1,N,0,,N,,,,,,,26,12,94,1,,2,55,,N,,,,,,,,,,811,NNN,,,N,,,,,,,,,,,,11,2,1,1,2,1,0,,,1200,1,,,,,Y,,,1,1,U,U,,,N,,,,,AK_11100_2142018_1824912_0,3,111,N,N,21420181209,21420181218,,21420181301,B,,32,11,51,86,Y,0,0,8,0,0,15,N,500,1000,168700,25000,0,,0,,,N,NN,419,,1,4513,,KANATA,ST,,,Juneau,AK,99801,,THREADNEEDLE ST,2/14/2018,30.8,21.8,27,15.5,,0,4.64,12.7,,9.3,74.5,97.97,"Mist, Fog",Partially cloudy
6,AK,11100,3072018,1845743,0,5,0,N,0,0,N,,,,,,,92,65,34,,71,1,19,,,2,,,,,,,,,NNN,NNN,,,N,,,,,,,,,,,,,,,,,,,,,,,,,,,,,,,,,,,,,,,,,AK_11100_3072018_1845743_0,1,160,N,N,30720182206,30720182209,,30720182211,B,,14,11,,,Y,0,0,2,0,0,5,N,0,0,0,0,0,,0,,,N,NN,963,,1,608,W,WILLOUGHBY,AVE,,,Juneau,AK,99801,,CAPITAL AVE D ST,3/7/2018,32.1,29,30.4,16.7,,0.24,10.41,21.9,23,4.1,93,95.11,"Light Snow, Mist, Rain, Light Rain","Rain, Overcast"
7,AK,11100,3082018,1845763,0,5,0,Y,0,0,N,,,,,,,83,0,81,,41,2,30,,N,,,,,,,,,,,NNN,,,3,11,SU,,,,AK,,,,,,,,,,,,,,,,,,,,,,,,,,,,,,,,,,,AK_11100_3082018_1845763_0,3,131,N,N,30820182234,30820182240,,30820182251,C,,31,87,,,Y,0,0,2,0,0,4,N,500,0,8000,500,0,,0,,,N,NN,965,,3,8181,,GLACIER,HWY,,,Juneau,AK,99801,,OLD DAIRY RDFREDS,3/8/2018,35,30.8,32.4,21,,0.06,16.09,12.7,,7.5,98.7,91.64,"Mist, Light Snow, Rain, Light Rain","Rain, Overcast"
8,AK,11100,3182018,1845905,0,5,0,Y,0,,N,,,,,,,24,10,76,1,27,2,NN,,N,,,,,,,,,,646,NNN,,,N,,,,,,,,,,,,UU,2,1,1,2,2,0,,,1500,1,0,0,0,0,N,,,U,,,,,,U,,,,,AK_11100_3182018_1845905_0,1,111,N,N,31820181708,31820181715,,31820181725,A,,,87,,,Y,0,0,6,0,0,9,N,0,0,,,0,,0,,2,N,NN,419,,1,421,,JUDY,LN,,,Juneau,AK,99801,,,3/18/2018,41.1,26.9,34.1,25.5,,0.04,4.38,8.1,,9.8,81,94.99,"Mist, Fog, Light Rain","Rain, Overcast"
9,AK,11100,3302018,1846065,0,5,1,N,1,,Y,,,,,,,24,10,23,,31,2,52,,N,,,,,,,,,,642,,,,N,,,,,,,,,,,,11,1,3,1,2,3,0,40,20,,2,1,0,0,0,Y,23,20,N,,,,,,N,,,,,AK_11100_3302018_1846065_0,3,111,N,N,33020181417,33020181431,33020181522,33020181542,A,,32,11,12,,Y,0,0,9,0,0,23,N,50000,15000,350000,25000,0,,1,,,N,NN,419,,1,8182,,GRANT,ST,,,Juneau,AK,99801,,MANOR AVE BROTHERS AVE,3/30/2018,41.1,24.2,32.7,20.3,,0,9.51,17.2,21.9,9.9,30.6,62.71,,Partially cloudy
10,AK,11100,4052018,1846142,0,5,0,Y,0,,N,,,,,,,92,UU,10,,63,2,UU,,N,,,,,,,,,,NNN,NNN,,,N,,,,,,,,,,,,,,,6,,,,,,,,,,,,N,,,,,,,,,,,,,,AK_11100_4052018_1846142_0,1,112,N,N,40520182117,40520182124,,40520182150,A,,14,11,86,,Y,0,0,7,0,0,17,N,20,0,2000000,500000,0,,0,,,N,NN,965,,1,2,,MARINE,WAY,,,Juneau,AK,99801,,MAIN ST S SEWARD ST,4/5/2018,46.1,21.8,36.6,17.1,,0,11.64,24.2,38.2,9.9,60.7,46.74,,Partially cloudy
11,AK,11100,4072018,1846170,0,5,0,Y,0,0,N,,,,,,,10,UU,34,1,71,1,10,,N,,,,,,,,,,NNN,NNN,,,N,,,,,,,,,,,,,,,3,,,,,,,,,,,,Y,,,,,,,,,,,,,,AK_11100_4072018_1846170_0,3,112,N,N,40720182253,40720182302,,40720182308,C,,31,87,,,Y,0,0,2,0,0,4,N,0,20,1000,20,0,,0,,,N,NN,926,,2,,,ANKA ST GLACIER HWY,,,,Juneau,AK,99801,,GLACIER HWY JENKINS DR,4/7/2018,56,26.9,40.9,24.4,,0,11.07,20.8,28.9,9.9,17.7,62.77,,Clear
12,AK,11100,4162018,1846273,0,5,0,Y,0,,Y,,,,,,,92,61,72,,,2,11,,N,,,,,,,,,,,NNN,,,N,,,,,,,,,,,,,,,,,,,,,,,,,,,,,,,,,,,,,,,,,AK_11100_4162018_1846273_0,3,142,N,N,41620181519,41620181522,,41620181530,C,,31,87,,,Y,0,0,5,0,0,7,N,0,0,0,0,0,,0,,,N,NN,938,,1,7790,,GLACIER,HWY,,BLOCK,Juneau,AK,99801,,VISTA DEL SOL DR OLD DAIRY R,4/16/2018,47,29.9,38.9,34.4,,0,14.86,12.8,20.8,9.9,38.7,62.36,,Partially cloudy
13,AK,11100,4162018,1846277,0,5,3,N,1,,N,121,2,,,,,38,UU,UU,,UU,U,UU,,N,,,,,,,,,,UUU,137,,,N,,,,,,,,,,,,UU,2,4,2,2,2,1,60,40,,1,2,0,0,1,Y,17,63,1,U,U,U,,,N,,,,,AK_11100_4162018_1846277_0,1,111,N,N,41620182026,41620182031,41620182138,41720180040,C,,14,11,51,,Y,0,0,17,0,0,31,N,250000,80000,729900,150000,0,,0,,,N,58,519,,1,200,N,FRANKLIN,ST,,,Juneau,AK,99801,,SECOND ST THIRD ST,4/16/2018,47,29.9,38.9,34.4,,0,14.86,12.8,20.8,9.9,38.7,62.36,,Partially cloudy
14,AK,11100,5012018,1846454,0,5,0,Y,0,,N,NNN,N,,,,,83,11,62,,20,2,23,,N,,,,,,,,,,,NNN,,,3,11,HO,Accord,1998,FHD262,AK,unable to read,,,,,,,,,,,,,,,,,,,,,,,,,,,,,,,,,,AK_11100_5012018_1846454_0,1,131,N,N,50120180253,50120180306,,50120180312,B,,14,87,,,Y,0,0,2,0,0,4,N,100,0,500,25,0,,0,,,N,NN,961,,1,4001,,EGAN,DR,,BLOCK,Juneau,AK,99801,,GLACIER HWYHOSPITAL DR VA,5/1/2018,44.9,41.1,43,34.8,,0.56,0,19.7,28.9,6.4,100,96.84,"Mist, Rain, Heavy Rain, Light Rain","Rain, Overcast"
15,AK,11100,5032018,1846483,0,5,0,Y,0,,N,NNN,N,,,,,83,13,81,,,U,34,,N,,,,,,,,,,,NNN,,,3,41,WW,27 foot,1970,,,,,,,,,,,,,,,,,,,,,,,,,,,,,,,,,,,,,AK_11100_5032018_1846483_0,1,134,N,N,50320180311,50320180317,,50320180444,A,,14,11,12,,Y,0,0,9,0,0,14,N,1000,500,10000,1000,0,,0,,,N,NN,898,,1,1435,,HARBOR,WAY,,N17,Juneau,AK,99801,,HIGHLAND DR EGAN DR,5/3/2018,47.9,32.1,40.2,35,,0.02,0,18.3,24.2,9.9,93.7,84.5,"Mist, Light Rain","Rain, Overcast"
16,AK,11100,5062018,1846539,0,5,0,Y,1,,N,821,N,,,,,80,13,65,,23,2,34,,N,,,,,,,,,,,NNN,,,3,41,OO,,,,,,,,,,,,2,1,2,2,0,,,1200,1,0,1,0,0,Y,65,23,U,,,,,,N,,,,,AK_11100_5062018_1846539_0,3,111,N,N,50620181741,50620181747,,50620182030,B,,32,11,21,,Y,2,0,14,10,0,20,N,50000,70000,250000,120000,0,,0,,,N,NN,880,,1,2290,,BRANDY,LN,,,Juneau,AK,99801,,MAIER LN CRAZY HORSE DR,5/6/2018,57.8,44,50.1,,,0.02,0,10.3,,7.4,85.8,87.09,"Mist, Fog, Light Rain","Rain, Overcast"
17,AK,11100,5082018,1846572,0,5,0,Y,0,,N,NNN,N,,,,,80,13,UU,,,2,NN,,N,,,,,,,,,,,NNN,,,3,10,SZ,JSXR Motorcycle,1992,,,IJS1GN72A IN21039,,,,,,,,,,,,,,,,,,,,,,,,,,,,,,,,,,AK_11100_5082018_1846572_0,2,131,N,N,50820182213,50820182224,,50820182235,A,,11,87,,,Y,0,0,2,0,0,4,N,1000,0,1000,0,0,,0,,,N,NN,965,,1,101,,SAVIKKO,RD,,,Juneau,AK,99801,,MAYFLOWER ISLAND RD FRONT ST,5/8/2018,65.9,38.1,52.4,36.6,,0,0,11.4,11.1,9.9,71.8,74.95,Fog,Partially cloudy
18,AK,11100,5112018,1846604,0,5,8,N,1,,N,,,,,,,24,UU,UU,,,U,UU,,N,,,,,,,,,,,NNN,,,N,,,,,,,,,,,,,,4,1,2,2,0,,,2723,1,0,0,0,2,Y,,,1,1,1,2,3,,N,,,,,AK_11100_5112018_1846604_0,5,111,N,N,51120180805,51120180822,51120180920,51120181236,A,,51,11,86,,Y,0,0,15,0,0,21,N,347900,50000,541200,50000,0,,0,,,N,NN,419,,1,19140,,RANDALL,RD,,,Juneau,AK,99801,,GLACIER HWY BONNIE PL,5/11/2018,53.9,48.8,50.4,42.1,,0.15,0,23,33.3,8,98.7,89.61,"Mist, Rain, Heavy Rain, Light Rain","Rain, Overcast"
19,AK,11100,5282018,1846868,0,5,3,N,1,,N,,,,,,,42,UU,UU,,,U,UU,,N,,,,,,,,,,,NNN,,,N,,,,,,,,,,,,,,4,1,2,4,0,,,2718,3,0,0,0,2,Y,,,1,1,1,2,1,,N,,,,,AK_11100_5282018_1846868_0,1,111,N,N,52820181039,52820181042,,52820181245,C,,14,11,86,,Y,1,0,7,1,0,22,N,100000,5000,304205,25000,0,,1,,,N,NN,429,,1,505,N,FRANKLIN,ST,,,Juneau,AK,99801,,FIFTH ST SIXTH ST,5/28/2018,47.9,43.1,45.3,35.8,,0.06,0,23,30.9,9.9,95.6,89.02,"Mist, Rain, Heavy Rain, Light Rain","Rain, Overcast"
20,AK,11100,6052018,1847001,0,5,0,Y,0,,N,NNN,N,,,,,83,UU,UU,,,U,UU,,N,,,,,,,,,,,NNN,,,3,11,CH,S10 Blazer,,vfd485,AK,1gngt1820l8131472,,,,,,,,,,,,,,,,,,,,,,,,,,,,,,,,,,AK_11100_6052018_1847001_0,3,131,N,N,60520181401,60520181407,,60520181420,B,,32,87,,,Y,0,0,3,0,0,5,N,0,0,0,0,0,,0,,,N,NN,963,,1,,,RIVERSIDE DR VINTAGE BLVD,,,,Juneau,AK,99801,,EGAN DR VINTAGE BLVD,6/5/2018,62,44.9,52.9,42.4,,0,0,12.8,,9.9,82.8,74.19,"Mist, Fog, Light Rain",Overcast
21,AK,11100,6122018,1847125,0,5,0,Y,0,,N,NNN,N,,,,,80,UU,UU,,,U,UU,,N,,,,,,,,,,,NNN,,,1,11,CH,S10,1991,GZG927,AK,1GCCT14Z1M8272423,,,,,,,,,,,,,,,,,,,,,,,,,,,,,,,,,,AK_11100_6122018_1847125_0,1,131,N,N,61220180210,61220180214,61220180217,61220180243,B,,14,11,86,,Y,0,0,5,0,0,9,N,1000,500,1000,500,0,,0,,,N,NN,965,,1,382,,VILLAGE,ST,,,Juneau,AK,99801,,WARRIOR ST CAPITAL AVE,6/12/2018,64.1,47,55.4,44.9,,0,0,13.9,,9.9,76,72.02,,Overcast
22,AK,11100,6132018,1847150,0,5,0,N,0,,N,NNN,N,,,,,83,UU,UU,,,U,UU,,N,,,,,,,,,,,NNN,,,3,11,TO,Pickup,,,,,,,,,,,,,,,,,,,,,,,,,,,,,,,,,,,,,,AK_11100_6132018_1847150_0,3,131,N,N,61320181649,61320181654,,61320181824,A,,32,11,12,,Y,0,0,8,0,0,12,N,10000,1000,,1000,0,,0,,,N,NN,965,,1,9443,,LA PEROUSE,AVE,,,Juneau,AK,99801,,LADD ST RADCLIFFE RD,6/13/2018,65,48.8,56,48,,0.14,0,17.2,23,9.4,96.5,72.21,"Mist, Rain, Heavy Rain, Light Rain","Rain, Overcast"
23,AK,11100,6152018,1847174,0,5,1,N,1,,N,,,,,,,47,10,UU,,UU,3,30,,N,,,,,,,,,,UUU,NNN,,,N,,,,,,,,,,,,UU,1,2,1,2,2,0,,,2564,1,1,0,0,0,Y,UU,UU,U,,,,,,N,,,,,AK_11100_6152018_1847174_0,1,111,N,N,61520182146,61520182154,,61520182349,C,,11,11,21,,Y,1,0,8,4,0,14,N,10000,5000,366500,100000,0,0,0,1,,N,NN,419,,1,3156,,PIONEER,AVE,,,Juneau,AK,99801,,BLUEBERRY HILLS RD S FAIRBAN,6/15/2018,62,47.9,53.9,,,0,0,9.2,,9.9,99.6,76.8,,Overcast
24,AK,11100,6202018,1847248,0,5,0,Y,0,,Y,,,,,,,95,65,63,,34,1,19,,,,3,,,,7,,12,1,873,NNN,,,N,,,,,,,,,,,,30,1,,,,,,,,,,,,,,,,,,,,,,,,,,,,AK_11100_6202018_1847248_0,3,142,N,N,62020181601,62020181608,62020181608,62020181714,B,,32,11,,,Y,0,0,5,0,0,7,N,0,0,0,0,0,,0,,,N,NN,931,,1,,,KANATA,ST,,,Juneau,AK,99801,,TRAFALGAR AVE THREADNEEDLE S,6/20/2018,82.1,55.1,68.3,,80.9,0,0,10.3,,9.9,82.2,60.77,,Overcast
25,AK,11100,6302018,1847388,0,5,0,Y,0,,N,NNN,N,,,,,83,10,62,,10,3,20,,N,,,,,,,,,,,NNN,,,3,11,GM,Suburban,,,,1GKFK18R4XJ799744,,,,,,,,,,,,,,,,,,,,,,,,,,,,,,,,,,AK_11100_6302018_1847388_0,1,131,N,N,63020181903,63020181907,,63020181917,C,,14,87,,,Y,0,0,2,0,0,5,N,0,0,3000,0,0,,0,,,N,NN,965,,1,228,,HIGHLAND,DR,,,Juneau,AK,99801,,BEHRENDS AVE TROY AVE,6/30/2018,61.1,50.1,54.3,,,0.05,0,9.2,19.7,9.8,97.1,86.68,Light Rain,"Rain, Overcast"
26,AK,11100,6302018,1847391,0,5,1,N,1,,Y,,,,,,,72,80,10,,63,2,11,73,,,,4,,,,,,,NNN,NNN,,,N,,,,,,,,,,,,,,2,1,2,1,0,40,30,,1,1,0,0,0,Y,UU,63,N,,,,,,N,,,,,AK_11100_6302018_1847391_0,3,111,N,N,63020182203,63020182214,63020182225,63020182231,C,,32,11,86,,Y,0,0,1,0,0,2,N,250,0,,,0,,0,,,N,NN,419,,1,8425,,CANYON,DR,,,Juneau,AK,99801,,GRANITE DR SLATE DR,6/30/2018,61.1,50.1,54.3,,,0.05,0,9.2,19.7,9.8,97.1,86.68,Light Rain,"Rain, Overcast"
27,AK,11100,7052018,1847478,0,5,1,N,1,,N,,,,,,,24,12,UU,,,2,11,,N,,,,,,,,,,646,NNN,,,N,,,,,,,,,,,,11,2,2,1,2,11,1,,,8500,3,,,,,Y,,,1,5,2,2,1,,1,1,1,1,,AK_11100_7052018_1847478_0,1,111,N,N,70520181057,70520181100,,70520181250,B,,14,11,21,,Y,1,0,16,11,0,23,N,15000,10000,7210800,750000,0,0,0,3,,N,NN,429,,1,326,,FOURTH,ST,,,Juneau,AK,99801,,N FRANKLIN ST GOLD ST,7/5/2018,83,50.1,68,,81.3,0,0,11.4,,9.9,41.1,59.39,Fog,Partially cloudy
28,AK,11100,7102018,1847570,0,5,0,Y,1,,N,,,,,,,UU,UU,UU,,UU,5,UU,,N,,,,,,,,,,UUU,200,,,N,,,,,,,,,,,,UU,2,5,1,2,1,0,,,160,1,0,0,0,1,Y,UU,UU,N,,,,,,N,,,,,AK_11100_7102018_1847570_0,3,111,N,N,71020180516,71020180527,71020180543,71020180712,C,,41,11,86,,Y,0,0,10,0,0,17,N,15000,5000,20000,5000,0,0,0,1,,N,NN,938,,1,9465,,MENDENHALL LOOP,RD,,BLOCK,Juneau,AK,99801,,MINT WAY RIVER RD,7/10/2018,60.2,53.9,56.9,,,0.46,0,21.9,32.6,8,100,86.03,"Mist, Rain, Heavy Rain, Light Rain","Rain, Overcast"
29,AK,11100,7132018,1847603,0,5,1,N,1,,N,NNN,N,,,,,41,UU,UU,,,1,10,,N,,,,,,,,,,,NNN,,,N,,,,,,,,,,,,,,4,1,2,1,0,,,1000,1,0,0,0,1,Y,,,1,1,1,2,1,,N,,,,,AK_11100_7132018_1847603_0,3,121,N,N,71320180011,71320180015,71320180041,71320180347,C,,32,11,86,,Y,0,0,11,0,0,16,N,15000,10000,15000,10000,0,,0,,,N,NN,419,,1,2865,,MENDENHALL LOOP,RD,,D4,Juneau,AK,99801,,NANCY ST CINEMA DR,7/13/2018,71,47,59,,,0,0,11.4,,9.9,48.7,65.89,Fog,Partially cloudy
30,AK,11100,7132018,1847605,0,5,0,Y,0,,N,NNN,N,,,,,24,12,62,,25,3,25,,1,,,,,,,,,,124,NNN,,,1,48,OO,,,,,,,,,,33,2,,,,,,,,,,,,,,,,,,,,,,,,,,,,AK_11100_7132018_1847605_0,1,134,N,N,71320180449,71320180457,,71320180504,C,,14,87,,,Y,0,0,7,0,0,11,N,1000,3000,100000,5000,0,,0,,,N,NN,898,,1,1200,,HARBOR,WAY,,Float 3,Juneau,AK,99801,,W TWELFTH ST HIGHLAND DR,7/13/2018,71,47,59,,,0,0,11.4,,9.9,48.7,65.89,Fog,Partially cloudy
31,AK,11100,7202018,1847737,0,5,1,N,0,,N,,,,,,,14,13,31,1,71,3,30,,N,,,,,,,,,,263,NNN,,,N,,,,,,,,,,,,11,1,1,1,2,2,0,,,1000,1,,,,,Y,,,N,,,,,,N,,,,,AK_11100_7202018_1847737_0,3,111,N,N,72020180727,72020180731,,72020180802,A,,32,87,,,Y,0,0,8,0,0,15,N,100,500,170700,500,0,,0,,,N,NN,419,,1,4444,,MENDENHALL,BLVD,,,Juneau,AK,99801,,SNIPE CT TEEL CT,7/20/2018,73.1,48.8,60.9,48,,0,0,13.9,,9.9,71.4,71.99,,Partially cloudy
32,AK,11100,7202018,1847747,0,5,1,N,1,,N,,,,,,,72,UU,UU,,UU,U,UU,,N,,,,,,,,,,,NNN,,,N,,,,,,,,,,,,,,4,1,2,2,0,,,2000,1,0,1,1,0,Y,UU,UU,N,,,,,,N,,,,,AK_11100_7202018_1847747_0,3,111,N,N,72020181526,72020181530,,72020181858,B,,32,11,21,,Y,1,0,13,7,0,24,N,150000,80000,372700,100000,0,,1,,,N,NN,419,,1,8460,,KIMBERLY,ST,,,Juneau,AK,99801,,DIANE RD MENDENHALL LOOP RD,7/20/2018,73.1,48.8,60.9,48,,0,0,13.9,,9.9,71.4,71.99,,Partially cloudy
33,AK,11100,7242018,1847814,0,5,1,N,1,,N,,,,,,,2,UU,UU,,63,U,UU,,N,,,,,,,,,,,NNN,,,N,,,,,,,,,,,,,,2,2,2,1,0,,,250,1,1,0,0,0,Y,,,U,,,,,,N,,,,,AK_11100_7242018_1847814_0,3,111,N,N,72420180255,72420180303,,72420180315,B,,31,11,86,,Y,0,0,7,0,0,14,N,0,500,15000,3000,0,,0,,,N,NN,419,,1,6590,,GLACIER,HWY,,100,Juneau,AK,99801,,RENNINGER DR GLACIER HWY ACC,7/24/2018,79.1,51.2,65.1,,,0,0,9.2,18.3,9.9,31.3,70.74,,Partially cloudy
34,AK,11100,8092018,1848066,0,5,0,Y,1,,N,960,N,,,,,35,10,UU,,UU,2,13,,N,,,,,,,,,,314,NNN,,,N,,,,,,,,,,,,UU,1,4,1,7,2,1,,,10000,2,,,,,Y,,,N,,,,,,N,,,,,AK_11100_8092018_1848066_0,3,111,N,N,80920180523,80920180532,,80920180708,C,,31,11,12,,Y,1,0,9,5,0,14,N,0,0,0,0,0,,0,,,N,NN,891,,1,5600,,TONSGARD,CT,,,Juneau,AK,99801,,GLACIER HWY,8/9/2018,62,55.1,58.1,,,0.97,0,19.7,30.9,8.1,100,94.8,"Mist, Rain, Fog, Heavy Rain, Light Rain","Rain, Overcast"
35,AK,11100,8112018,1848102,0,5,1,N,1,,N,,,,,,,5,UU,UU,,UU,5,UU,,N,,,,,,,,,,NNN,NNN,,,N,,,,,,,,,,,,,,4,2,2,1,0,,,1000,1,,,,,Y,,,U,,,,,,N,,,,,AK_11100_8112018_1848102_0,3,121,N,N,81120180805,81120180811,,81120181201,C,,31,11,21,,Y,1,0,11,7,0,22,N,30700,20000,30700,25000,0,,0,,,N,58,419,,1,6590,,GLACIER,HWY,,243,Juneau,AK,99801,,RENNINGER DR GLACIER HWY ACC,8/11/2018,68.1,48.8,59.3,,,0,0,10.3,,9.9,81.7,75.95,"Mist, Light Rain",Overcast
36,AK,11100,8112018,1848108,0,5,1,N,1,,N,,,,,,,71,UU,UU,,UU,5,UU,,N,,,,,,,,,,NNN,,,,N,,,,,,,,,,,,,,4,1,2,2,0,,,1200,1,1,1,0,0,Y,UU,UU,U,,,,,,N,,,,,AK_11100_8112018_1848108_0,4,111,N,N,81120181741,81120181751,,81120182013,C,,41,11,21,,Y,1,0,11,8,0,15,N,100000,10000,221700,35000,0,,0,,,N,NN,419,,1,1635,,FRITZ COVE,RD,,,Juneau,AK,99801,,FOX FARM TRL JOHNSON WAY,8/11/2018,68.1,48.8,59.3,,,0,0,10.3,,9.9,81.7,75.95,"Mist, Light Rain",Overcast
37,AK,11100,8292018,1848386,0,5,0,N,0,,Y,,,,,,,83,41,84,,0,2,20,,N,,,,,,,,,,,NNN,,,3,11,FO,Bronco II,1990,KCV 627,AK,1FMCU14T1LUB03156,,,,,,,,,,,,,,,,,,,,,,,,,,,,,,,,,,AK_11100_8292018_1848386_0,1,131,N,N,82920182101,82920182104,82920182110,82920182143,C,,14,11,12,,Y,0,0,5,0,0,8,N,1500,500,1500,500,0,,0,,,N,NN,965,,3,4430,,GLACIER,HWY,,,Juneau,AK,99801,,BAUER LN CRAIG ST,8/29/2018,65.9,50.1,56.6,,,0,0,8,,9.9,80.1,88.37,"Mist, Fog",Overcast
38,AK,11100,9072018,1848521,0,5,2,N,,,N,,,,,,,76,0,UU,,63,5,NN,,N,,,,,,,,,,NNN,NNN,,,N,,,,,,,,,,,,,,3,1,5,1,0,,,1136,1,0,0,1,0,Y,UU,UU,1,1,2,2,3,,N,,,,,AK_11100_9072018_1848521_0,3,111,N,N,90720180134,90720180148,,90720180430,B,,41,11,86,,Y,0,0,11,0,0,21,N,20000,0,276300,0,0,,1,,,N,NN,419,,1,1133,,SLIM WILLIAMS,WAY,,,Juneau,AK,99801,,MONTANARCTIC CIR,9/7/2018,60.2,42.2,50.2,41.4,,0.06,0,12.7,20.8,9.9,72,90.77,Light Rain,"Rain, Partially cloudy"
39,AK,11100,9132018,1848605,0,5,0,Y,,,N,,,,,,,71,63,17,1,63,5,0,,N,,,,,,,,,,NNN,NNN,,,N,,,,,,,,,,,,,,1,2,2,1,0,,,400,1,1,0,0,0,Y,,,N,,,,,,N,,,,,AK_11100_9132018_1848605_0,1,123,N,N,91320180446,91320180452,,91320180535,B,,14,11,86,,Y,0,0,3,0,0,6,N,100,0,10000,10000,0,,0,,,N,NN,161,,1,356,S,FRANKLIN,ST,,,Juneau,AK,99801,,MARINE WAY EWING WAY,9/13/2018,56,39.8,48.1,37.8,,0.01,0,16.1,,9.9,66.5,79.03,Light Rain,"Rain, Partially cloudy"
40,AK,11100,9172018,1848667,0,5,0,Y,0,,N,,,,,,,82,0,0,,0,2,0,,N,,,,,,,,,,NNN,NNN,,,1,,,,,,,,,,,,,,,,,,,,,,,,,,,,,,,,,,,,,,,,,AK_11100_9172018_1848667_0,3,131,N,N,91720181150,91720181156,,91720181254,A,,32,87,,,Y,0,0,2,0,0,5,N,0,10,1500,10,0,,0,,,N,NN,965,,1,9103,,MENDENHALL MALL,RD,,,Juneau,AK,99801,,MENDENHALL LOOP RD RIVERSIDE,9/17/2018,57.8,30.8,43.6,,,0,0,9.2,,9.9,15.8,69.14,,Clear
41,AK,11100,9172018,1848676,0,5,0,Y,0,,Y,NNN,N,,,,,94,11,73,,,2,12,,N,,,,,,,,,,124,NNN,,,N,,,,,,,,Pellet Stove,,,,41,2,,,,,,,,,,,,,,,,,,,,,,,,,,,,AK_11100_9172018_1848676_0,3,141,N,N,91720181954,91720182002,,91720182015,A,,32,12,,,Y,0,0,2,0,0,5,N,0,0,300000,50000,0,,0,,,N,NN,669,,1,2472,,SCOTT,DR,,,Juneau,AK,99801,,STIKINE ST,9/17/2018,57.8,30.8,43.6,,,0,0,9.2,,9.9,15.8,69.14,,Clear
42,AK,11100,9242018,1848769,0,5,0,Y,0,,Y,NNN,N,,,,,95,82,73,,,2,73,,N,,,,,,,,,,NNN,,,,N,,,,,,,,,,,,,,,,,,,,,,,,,,,,,,,,,,,,,,,,,AK_11100_9242018_1848769_0,3,141,N,N,92420180147,92420180205,92420180330,92420180507,A,,,11,,,Y,0,2,3,0,2,6,N,0,0,0,0,0,,0,,,N,NN,669,,1,16775,,LENA LOOP,RD,,,Juneau,AK,99801,,,9/24/2018,53.9,50.1,51.7,,,0.05,0,13.9,,8.7,96.1,95.27,"Mist, Light Rain","Rain, Overcast"
43,AK,11100,10042018,1848907,0,5,0,Y,0,,N,,,,,,,47,60,70,1,,1,10,,,,,4,,,,,,,NNN,,,,N,,,,,,,,,,,,,,,3,,,,,,,,,,,,Y,,,,,,,,,,,,,,AK_11100_10042018_1848907_0,1,112,N,N,1.00E+11,1.00E+11,,1.00E+11,C,,14,11,86,,Y,0,0,2,0,0,5,N,0,0,,,0,,0,,,N,NN,965,,3,144,,MARINE,WAY,,,Juneau,AK,99801,,S SEWARD ST SHATTUCK WAY,10/4/2018,50.1,35.9,44.7,28.4,,0.02,0,16.1,16.1,9.9,88.7,65.17,"Mist, Light Rain","Rain, Overcast"
44,AK,11100,10062018,1848931,0,5,0,Y,0,,N,,,,,,,81,10,UU,,,2,UU,,N,,,,,,,,,,,NNN,,,3,11,CH,,,JHU596,,1GCCS19X8T8214169,,,,,,,,,,,,,,,,,,,,,,,,,,,,,,,,,,AK_11100_10062018_1848931_0,3,131,N,N,1.01E+11,1.01E+11,,1.01E+11,B,,32,11,12,,Y,1,0,3,1,0,6,N,5000,500,5000,500,0,,0,,,N,NN,962,,1,9950,,STEPHEN RICHARDS MEMORIAL,DR,,66,Juneau,AK,99801,,MENDENHALL LOOP RD RIVERSIDE,10/6/2018,48.8,44.9,46.9,41.1,,0.37,0,11.4,,7.8,100,97.09,"Mist, Light Rain","Rain, Overcast"
45,AK,11100,10132018,1849009,0,5,0,Y,0,,N,,,,,,,83,10,62,,23,2,20,,N,,,,,,,,,,,NNN,,,3,11,SU,Outback,2002,KCA 917,AK,453BH46866276S211,,,,,,,,,,,,,,,,,,,,,,,,,,,,,,,,,,AK_11100_10132018_1849009_0,3,131,N,N,1.01E+11,1.01E+11,,1.01E+11,C,,31,11,86,,Y,0,0,3,0,0,5,N,3000,0,3000,0,0,,0,,,N,NN,961,,1,7400,,GLACIER,HWY,,,Juneau,AK,99801,,VISTA DEL SOL DR OLD DAIRY R,10/13/2018,51.2,47,47.9,40.7,,0.65,0,24.2,35.6,8.1,100,89.22,"Mist, Rain, Heavy Rain, Light Rain","Rain, Overcast"
46,AK,11100,10162018,1849038,0,5,1,N,1,0,N,,,,,,,21,UU,22,,0,2,UU,,N,,,,,,,,,,,NNN,,,N,,,,,,,,,,,,,,2,1,5,1,0,,,800,1,,,,,Y,,,1,1,4,2,3,,N,,,,,AK_11100_10162018_1849038_0,1,111,N,N,1.02E+11,1.02E+11,1.02E+11,1.02E+11,C,,12,11,86,,Y,0,0,11,0,0,23,N,5000,20000,157800,40000,0,,0,,,N,NN,419,,1,4055,N,DOUGLAS,HWY,,,Juneau,AK,99801,,,10/16/2018,52.1,47,48.3,39.8,,0.99,0,25.3,35.6,7.7,78.6,77.96,"Mist, Rain, Heavy Rain, Light Rain","Rain, Overcast"
47,AK,11100,10182018,1849058,0,5,,N,,,N,311,N,,,,,UU,UU,UU,,,2,UU,,N,,,,,,,,,,NNN,NNN,,,N,,,,,,,,,,,,,,,,,,,,,,,,,,,,,,,,,,,,,,,,,AK_11100_10182018_1849058_0,3,154,N,N,1.02E+11,1.02E+11,,1.02E+11,B,,32,85,86,,Y,0,0,1,0,0,2,N,0,0,0,0,0,,0,,,N,NN,900,,1,9999,,GLACIER,HWY,,,Juneau,AK,99801,,INDUSTRIAL BLVD WILDMEADOW L,10/18/2018,52.1,44.9,48.4,41.1,,0.23,0,13.9,19.7,9.5,90.1,92.05,"Mist, Rain, Heavy Rain, Light Rain","Rain, Overcast"
48,AK,11100,10262018,1849155,0,5,0,Y,0,,N,NNN,N,,,,,83,13,UU,,UU,2,UU,,N,,,,,,,,,,,NNN,,,3,41,OO,Mediterraen 38,,,AK,Blue Addiction,,,,,,,,,,,,,,,,,,,,,,,,,,,,,,,,,,AK_11100_10262018_1849155_0,3,134,N,N,1.03E+11,1.03E+11,,1.03E+11,A,,32,87,,,Y,0,0,8,0,0,15,N,1000,0,120000,5000,0,,0,,,N,NN,898,,1,2264,,BRANDY,LN,,,Juneau,AK,99801,,MAIER LN CRAZY HORSE DR,10/26/2018,46.1,38.9,43.2,36.7,,0.18,0,16.1,,8.4,87,94.09,"Mist, Rain, Fog, Heavy Rain, Light Rain","Rain, Overcast"
49,AK,11100,10272018,1849167,0,5,0,Y,0,,N,,,,,,,81,10,81,,,3,30,,N,,,,,,,,,,,NNN,,,3,11,TO,Tundra,2005,JLC600,AK,5TBBT44195S465173,,,,,,,,,,,,,,,,,,,,,,,,,,,,,,,,,,AK_11100_10272018_1849167_0,1,131,N,N,1.03E+11,1.03E+11,,1.03E+11,B,,14,11,86,,Y,0,0,3,0,0,6,N,10000,1000,10000,1000,0,,0,,,N,NN,965,,1,2,,MARINE,WAY,,,Juneau,AK,99801,,MAIN ST S SEWARD ST,10/27/2018,50.1,34.1,43.5,34.4,,0.06,0,15,,9,82.9,90.92,"Mist, Rain, Fog, Heavy Rain, Light Rain","Rain, Overcast"
50,AK,11100,11062018,1849263,0,5,0,N,0,,N,,,,,,,83,UU,UU,,,3,UU,,N,,,,,,,,,,,NNN,,,3,10,JE,Liberty,2003,EHR554,AK,1J8GL58K33W679250,,,,,,,,,,,,,,,,,,,,,,,,,,,,,,,,,,AK_11100_11062018_1849263_0,3,131,N,N,1.11E+11,1.11E+11,,1.11E+11,B,,31,11,,,Y,0,0,3,0,0,6,N,5000,500,5000,500,0,,0,,,N,NN,965,,1,1800,,NORTHWOOD,DR,,D28,Juneau,AK,99801,,GLACIER HWY,11/6/2018,37.1,21.8,27.2,19.9,,0,3.19,4.7,19.7,9.9,1.2,92.47,,Clear
51,AK,11100,11062018,1849266,0,5,0,Y,0,,N,NNN,N,,,,,0,42,30,1,51,2,51,,N,,,,,,,,,,124,NNN,,,1,41,,,,,,,,,,,0,2,,,,,,,,,,,,,,,,,,,,,,,,,,,,AK_11100_11062018_1849266_0,1,134,N,N,1.11E+11,1.11E+11,,1.11E+11,C,,14,11,86,,Y,0,0,7,0,0,14,N,0,5,30000,10000,0,,0,,,N,NN,898,,1,1200,,HARBOR,WAY,,FL3 SL4,Juneau,AK,99801,,W TWELFTH ST HIGHLAND DR,11/6/2018,37.1,21.8,27.2,19.9,,0,3.19,4.7,19.7,9.9,1.2,92.47,,Clear
52,AK,11100,11222018,1849458,0,5,0,Y,0,,N,,,,,,,94,60,UU,,,1,10,,N,,,,,,,,,,722,,,,N,,,,,,,,,,,,UU,1,,,,,,,,,,,,,,,,,,,,,,,,,,,,AK_11100_11222018_1849458_0,3,160,N,N,1.12E+11,1.12E+11,,1.12E+11,A,,32,11,86,,Y,0,0,2,0,0,4,N,0,0,0,0,0,,0,,,N,NN,900,,1,8230,,BIRCH,LN,,,Juneau,AK,99801,,MENDENHALL BLVD COLUMBIA BLV,11/22/2018,39.8,33.2,36.5,32.5,,0.01,0,8,,9.1,96.2,96.9,"Light Snow, Mist, Rain, Light Rain And Snow, Fog, Light Rain","Rain, Overcast"
53,AK,11100,11222018,1849467,0,5,0,Y,0,0,N,,,,,,,81,63,21,,99,2,11,,N,,,,,,,,,,NNN,NNN,,,3,11,DO,,,GLT 764,AK,1B7HF16Z3VJ549612,,,,,,,,,,,,,,,,,,,,,,,,,,,,,,,,,,AK_11100_11222018_1849467_0,3,131,N,N,1.12E+11,1.12E+11,1.12E+11,1.12E+11,A,,32,87,,,Y,0,0,3,0,0,5,N,500,0,3500,0,0,,0,,,N,NN,965,,1,3033,,VINTAGE,BLVD,,,City and Borough of,AK,99801,,GLACIER HWY CLINTON DR,11/22/2018,39.8,33.2,36.5,32.5,,0.01,0,8,,9.1,96.2,96.9,"Light Snow, Mist, Rain, Light Rain And Snow, Fog, Light Rain","Rain, Overcast"
54,AK,11100,12032018,1849612,0,5,0,Y,0,0,N,,,,,,,83,12,67,,41,2,20,,N,,,,,,,,,,,NNN,,,3,10,JE,Pickup,1993,GXV493,AK,,,,,,,,,,,,,,,,,,,,,,,,,,,,,,,,,,,AK_11100_12032018_1849612_0,1,131,N,N,1.20E+11,1.20E+11,1.20E+11,1.20E+11,C,,31,10,86,,Y,0,0,3,0,0,5,N,500,0,1500,500,0,,0,,,,NN,961,,2,,,EGAN DR VANDERBILT HILL RD,HWY,,,City and Borough of,AK,99801,,VANDERBILT HILL RD GLACIER H,12/3/2018,33.2,17.9,26.3,19,,0.02,0,18.3,,9.4,57,92.67,"Light Snow, Mist, Rain, Light Rain","Rain, Partially cloudy"
55,AK,11100,12042018,1849626,0,5,0,Y,1,,N,NNN,N,,,,,25,60,59,,67,1,10,,N,,,,,,,,,,NNN,NNN,,,N,,,,,,,,,,,,,,2,1,2,1,0,,,191265,1,1,0,0,0,Y,,UU,1,1,U,2,3,,1,1,3,,,AK_11100_12042018_1849626_0,3,111,N,N,1.20E+11,1.20E+11,1.20E+11,1.20E+11,A,,32,11,51,,Y,0,0,8,0,0,13,N,0,5000,10587200,5000000,0,,0,,,N,53,500,,1,9105,,MENDENHALL MALL,RD,,,Juneau,AK,99801,,MENDENHALL LOOP RD RIVERSIDE,12/4/2018,35,32.1,33.5,25,,0.05,1.18,10.3,,6.1,100,97.51,"Mist, Light Snow, Light Drizzle, Rain, Light Rain And Snow, Light Rain","Rain, Overcast"
56,AK,11100,12052018,1849631,0,5,0,Y,0,,N,NNN,N,,,,,83,UU,UU,,,U,UU,,N,,,,,,,,,,,NNN,,,3,10,JE,,,,,,,,,,,,,,,,,,,,,,,,,,,,,,,,,,,,,,,AK_11100_12052018_1849631_0,3,131,N,N,1.21E+11,1.21E+11,,1.21E+11,B,,14,87,,,Y,0,0,2,0,0,6,N,5000,0,5000,0,0,,0,,,N,NN,961,,1,,,VANDERBILT HILL RD EGAN DR,,,,Juneau,AK,99801,,EGAN DR GLACIER HWY,12/5/2018,35.9,33.2,34.5,28,,0.01,1.18,6.9,,6.3,100,97.92,"Mist, Light Snow, Light Drizzle, Rain, Light Rain And Snow, Light Rain","Rain, Overcast"
57,AK,11100,12052018,1849641,0,5,0,Y,0,,N,NNN,N,,,,,83,UU,UU,,,3,20,,N,,,,,,,,,,,NNN,,,3,10,CH,Seirra,1995,5816DC,AK,Unknown,,,,,,,,,,,,,,,,,,,,,,,,,,,,,,,,,,AK_11100_12052018_1849641_0,3,131,N,N,1.21E+11,1.21E+11,,1.21E+11,B,,32,11,86,,Y,0,0,4,0,0,6,N,5000,0,5000,0,0,,0,,,N,NN,965,,1,3033,,VINTAGE,BLVD,,,Juneau,AK,99801,,GLACIER HWY CLINTON DR,12/5/2018,35.9,33.2,34.5,28,,0.01,1.18,6.9,,6.3,100,97.92,"Mist, Light Snow, Light Drizzle, Rain, Light Rain And Snow, Light Rain","Rain, Overcast"
58,AK,11100,12072018,1849665,0,5,0,Y,0,,N,,,,,,,92,UU,30,,71,U,UU,,N,,,,,,,,,,,NNN,,,N,,,,,,,,,,,,,,,,,,,,,,,,,,,,,,,,,,,,,,,,,AK_11100_12072018_1849665_0,1,160,N,N,1.21E+11,1.21E+11,,1.21E+11,A,,14,11,86,,Y,0,0,2,0,0,4,N,0,0,0,0,0,,0,,,N,NN,963,,1,895,W,TWELFTH,ST,,,Juneau,AK,99801,,F ST EGAN DR,12/7/2018,39.8,29.9,34.7,23.9,,0,1.97,23,34.5,9.9,78.4,86.14,Light Rain,Overcast
59,AK,12100,3012018,0F18008,0,5,1,N,1,,N,NNN,N,,,,,76,12,12,,64,2,12,,N,,,,,,,,,,850,,,,N,,,,,,,,,,,,12,1,2,1,2,1,0,,,20,1,1,0,0,0,N,,,N,,,,,,N,,,,,AK_12100_3012018_0F18008_0,,111,N,N,30120181041,30120181046,,30120181121,,,,11,86,,N,3,0,1,12,0,0,N,1000,0,,,0,,0,,2,N,NN,419,,1,52,,Helms Loop,RD,,,Haines,AK,99827,,,3/1/2018,23,17.3,19.6,1.8,,0,0,20.8,41.6,9.8,56.4,45.28,,Partially cloudy
60,AK,12100,5082018,0F18012,0,5,0,N,0,,Y,,,,,,,94,81,73,,,2,12,,N,,,,,,,,,,NNN,,,,N,,,,,,,,,,,,,,,,,,,,,,,,,,,,,,,,,,,,,,,,,AK_12100_5082018_0F18012_0,,142,N,N,50820181344,50820181346,,50820181534,,,,11,,,N,2,0,1,8,0,3,N,0,0,,,0,,0,,,,,938,,1,2 Mile,,Haines,HWY,,,Haines,AK,99827,,,5/8/2018,66.6,40.4,55.1,39.5,,0,9.74,11.7,21.9,9.9,7.4,61.75,,Clear
61,AK,12100,6282018,0F18023,0,5,3,N,1,,N,415,N,,,,,24,12,30,,70,2,12,,N,,,,,,,,,,645,213,,,,,,,,,,,,,,,11,2,2,1,2,1,1,,,1200,1,0,0,0,1,Y,51,68,1,1,1,U,,,N,,,,,AK_12100_6282018_0F18023_0,,111,N,N,62820181811,62820181813,,62820182217,,,,11,12,,N,3,1,0,14,4,2,N,,,,,0,,0,,,,,439,,1,57,,Mud Bay,RD,,,Haines,AK,99827,,,6/28/2018,61,53.2,56.9,,,0,0,10.4,25.3,9.9,91.1,72.24,,Overcast
62,AK,12100,7132018,0F18027,0,5,0,Y,0,,Y,NNN,N,,,,,94,81,72,,,2,12,73,N,,,,,,,,,,NNN,,,,N,,,,,,,,,,,,,,,,,,,,,,,,,,,,,,,,,,,,,,,,,AK_12100_7132018_0F18027_0,,143,N,N,71320181923,71320181923,,71320182104,,,,11,,,N,1,0,0,6,0,7,N,0,0,,,0,,0,,2,,,938,,1,25,,Fifth,AVE,,,Haines,AK,99827,,,7/13/2018,67.7,47.1,57.4,44.6,,0,0,13.9,26.6,9.9,9.9,74.69,,Clear
63,AK,12100,9142018,0F18043,0,5,0,Y,0,,Y,,,,,,,94,69,53,,10,1,11,,N,,,,,,,,,,,,,,N,,,,,,,,,,,,,,,,,,,,,,,,,,,,,,,,,,,,,,,,,AK_12100_9142018_0F18043_0,,142,N,N,91420182007,91420182011,,91420182228,,,,11,,,N,2,0,1,5,0,1,N,0,0,,,0,,0,,,,,931,,1,,,Chestnut,DR,,,Haines,AK,99827,,,9/14/2018,61.1,41.5,51.3,40,,0,0,11,33.3,9.9,44.9,65.78,,Partially cloudy
64,AK,12100,11012018,0F18053,0,5,1,N,,,N,,,,,,,76,84,76,,,2,53,,,,3,,,,,,,,,,,,,,,,,,,,,,,,,,5,0,2,1,0,,,,1,,,,,Y,,,,,,,,,,,,,,AK_12100_11012018_0F18053_0,,112,N,N,1.10E+11,1.10E+11,1.10E+11,1.10E+11,,,,11,12,,N,3,1,1,10,2,1,N,5000,0,5000,0,0,,0,,,,,419,,1,4 mi,,Haines,HWY,,,Haines,AK,99827,,,11/1/2018,35.2,31.2,33.4,21.3,,0,0,15.8,49.4,9.8,39.6,55.31,Light Snow,Partially cloudy
65,AK,12100,12282018,0F18063,0,5,,N,,,N,,,,,,,14,UU,UU,,,U,UU,,N,,,,,,,,,,,,,,,,,,,,,,,,,,,,4,2,2,1,0,,,200,1,,,,,Y,,,U,,,,,,N,,,,,AK_12100_12282018_0F18063_0,,122,N,N,1.23E+11,1.23E+11,,1.23E+11,,,,11,,,N,2,1,1,10,3,1,N,9000,5000,9000,5000,0,,0,,,,,938,,1,14,,Front,ST,,,Haines,AK,99827,,,12/28/2018,39.9,30.2,36,19.6,,0,9.77,17.1,32.9,9.5,93.7,89.85,"Mist, Rain, Light Rain",Overcast
66,AK,12150,7052018,018-001,0,5,1,N,0,,Y,NNN,N,,,,,24,10,UU,,,U,UU,,N,,,,,,,,,,,,,,N,,,,,,,,,,,,,,5,1,2,1,0,,,300,1,0,0,0,1,N,,,U,,,,,,N,,,,,AK_12150_7052018_018-001_0,,122,N,1,70520181651,70520181702,,70520182104,,,,11,86,,N,3,0,0,10,0,0,N,25000,25000,25000,25000,0,,0,,,,NN,419,,1,31,,Haines,HWY,,,Haines,AK,99827,,,7/5/2018,76.8,51.5,64.7,,,0,0,8,16.6,9.9,0,62.09,,Clear
67,AK,12200,4022018,36,0,5,1,N,1,0,N,NNN,,,,,,74,82,18,,60,2,70,,N,,,,,,,,,,127,NNN,,,,,,,,,,,,,,,41,2,2,1,2,1,1,,,1850,1,0,0,0,0,Y,,,U,,,,,,N,,,,,AK_12200_4022018_0000036_0,SFD,111,N,N,40220182123,40220182130,40220182220,40220182234,O,0,,11,,,Y,4,1,0,13,2,0,N,1000,0,,,0,,0,,,N,NN,419,,1,1175,,Main,ST,,,Skagway,AK,99840,,,4/2/2018,38,31.8,34.6,22.8,,0,21.57,18.4,50.8,9.9,74.8,35.69,Smoke Or Haze,Partially cloudy
68,AK,12200,6222018,114,0,5,0,Y,0,,Y,,,,,,,94,63,72,1,,2,UU,,N,,,,,,,,,,NNN,,,,,,,,,,,,,,,,,,,,,,,,,,,,,,,,,,,,,,,,,,,,,AK_12200_6222018_0000114_0,SFD,160,N,N,62220181608,62220181610,62220181612,62220181625,D,0,,86,11,,Y,1,0,0,1,0,0,N,0,0,,,0,,0,,,,,962,,1,,,Congress,WAY,,,Skagway,AK,99840,,,6/22/2018,65.6,58.9,62.4,,,0,0,19.4,31.1,9.9,37.7,54.24,,Partially cloudy
69,AK,12200,6262018,120,0,5,0,Y,0,,Y,NNN,,,,,,94,61,72,,,2,11,,N,,,,,,,,,,NNN,,,,,,,,,,,,,,,,,,,,,,,,,,,,,,,,,,,,,,,,,,,,,AK_12200_6262018_0000120_0,SFD,143,N,N,62620181820,62620181905,62620181935,62620181950,O,0,,87,12,,Y,1,0,0,3,0,0,N,0,0,,,0,,0,,,,,937,,6,,,,,,,Skagway,AK,99840,,Sturgills Landing,6/26/2018,59,53.9,56.7,,,0,0,21.9,32.6,9.9,76.2,57.84,Light Rain,Overcast
70,AK,12200,7302018,161,0,5,0,Y,0,,Y,NNN,,,,,,95,61,72,,,2,11,,N,,,,,,,,,,NNN,,,,,,,,,,,,,,,,,,,,,,,,,,,,,,,,,,,,,,,,,,,,,AK_12200_7302018_0000161_0,SFD,141,N,N,73020181645,73020181709,73020181800,73020181814,D,0,,86,11,,Y,1,0,0,5,0,0,N,0,0,,,0,,0,,,,,937,,6,,,,,,,Skagway,AK,99840,,Sturgills landing,7/30/2018,70.6,56.1,62,,,0,0,19.4,28.9,9.9,8.4,76.39,,Clear
71,AK,12200,7312018,166,0,5,0,Y,0,,Y,NNN,,,,,,95,82,72,,,U,11,,N,,,,,,,,,,NNN,NNN,,,,,,,,,,,,,,,,,,,,,,,,,,,,,,,,,,,,,,,,,,,,AK_12200_7312018_0000166_0,SFD,141,N,N,73120181247,73120181320,73120181501,73120181541,D,0,,11,86,,Y,1,0,0,7,0,0,N,0,0,,,0,,0,,,,,937,,6,,,,,,,Skagway,AK,99840,,Sturgills landing,7/31/2018,67.2,55.3,60.9,,,0,0,21.9,30,9.9,0,79.75,,Clear
72,AK,12200,9092018,218,0,5,0,Y,0,0,N,NNN,,,,,,83,40,99,,,2,UU,,N,,,,,,,,,,,,,,3,10,DO,Ram 3500 Pickup,2008,EXW59,,,,,,,,,,,,,,,,,,,,,,,,,,,,,,,,,,,,AK_12200_9092018_0000218_0,SFD,130,N,1,90920181722,90920181748,90920182148,90920182220,O,0,,11,,,Y,4,0,0,12,0,0,N,,,,,0,,0,,,5,,961,,1,,,Klondike,HWY,,,Skagway,AK,99840,,,9/9/2018,66.6,53.9,60.9,,,0,0,15.4,41.4,9.9,76.6,45.32,,Overcast
73,AK,13000,2012018,168,0,5,1,N,1,0,N,NNN,N,,,,,72,66,0,,41,2,12,,N,,,,,,,,,,NNN,NNN,,,N,,,,,,,,,,,,,,2,1,2,1,1,,,800,1,1,0,0,0,N,,,N,,,,,,N,,,,,AK_13000_2012018_0000168_0,1,111,N,N,20120180258,20120180307,,20120180405,C,0,KFD,12,87,,Y,2,0,0,5,0,0,N,5000,200,105900,50000,0,,0,,,N,NN,419,,1,626,,SCHOENBAR,RD,,,KETCHIKAN,AK,99901,,,2/1/2018,47.2,34.3,39.3,30,,0.65,0,8.9,31.5,6.7,90.7,80.58,"Light Snow, Mist, Rain, Light Rain","Rain, Overcast"
74,AK,13000,2022018,176,0,5,0,Y,0,0,N,NNN,N,,,,,84,12,63,,23,2,14,,N,,,,,,,,,,NNN,NNN,,,3,18,HD,883 Sportster,1991,,AK,,,,,,,,,,,,,,,,,,,,,,,,,,,,,,,,,,,AK_13000_2022018_0000176_0,,131,N,N,20220180926,20220180933,,20220180942,A,0,KFD,87,,,Y,2,0,0,4,0,0,N,2000,0,5000,0,0,,0,,,N,NN,881,,1,2118,,FIRST,AVE,,,KETCHIKAN,AK,99901,,,2/2/2018,52,28.5,38,18.1,,0.54,0,16.8,24.4,6.4,88.1,79.59,"Mist, Light Snow, Rain, Light Rain","Rain, Overcast"
75,AK,13000,2142018,249,0,5,120,N,1,0,N,NNN,,,,,,1,UU,96,1,,U,NN,,N,,,,,,,,,,,NNN,,,,,,,,,,,,,,,,,1,1,2,12,0,,,5040,11,1,0,0,0,Y,,,1,1,2,2,1,,1,2,3,0,,AK_13000_2142018_0000249_0,1,111,N,N,21420182311,21420182317,,21520180027,A,0,KFD,86,51,81,Y,2,0,0,4,0,0,N,0,0,10000000,0,0,,0,,1,N,58,429,,1,2415,,HEMLOCK,ST,,1106,KETCHIKAN,AK,99901,,,2/14/2018,41,32.1,37,29,,0,0,13.8,18.3,9.7,44.1,82.53,Light Rain,Partially cloudy
76,AK,13000,2172018,261,0,5,20,N,1,0,N,NNN,N,,,,,21,61,12,,63,2,11,,N,,,,,,,,,,NNN,NNN,,,N,,,,,,,,,,,,,,2,1,2,2,1,,,5000,1,1,0,0,0,Y,,,1,1,U,2,1,,N,,,,,AK_13000_2172018_0000261_0,1,111,N,1,21720180403,21720180407,,21720180646,B,1,KFD,11,12,81,Y,4,0,0,9,0,0,N,10000,1000,,,0,,0,,1,N,NN,429,,1,652,,PARK,AVE,,6,KETCHIKAN,AK,99901,,,2/17/2018,34.1,28.2,31.3,17,,0,0,21,34.5,9.9,0,52.99,,Clear
77,AK,13000,2242018,307,0,5,1,N,1,0,N,NNN,N,,,,,76,13,81,,,2,30,,N,,,,,,,,,,214,,,,N,,,,,,,,,,,,11,2,4,1,2,2,1,,,3200,-1,2,0,0,0,Y,,,N,,,,,,N,,,,,AK_13000_2242018_0000307_0,,111,N,N,22420181014,22420181021,,22420181201,C,0,KFD,12,,,Y,2,0,0,5,0,0,N,2000,0,300000,25000,0,,0,,,N,NN,419,,1,1611,,WATER,ST,,,KETCHIKAN,AK,99901,,,2/24/2018,37.3,32,34.9,23.5,,0.34,0,18,23,7.6,57.3,89.61,"Mist, Light Snow, Fog, Light Rain, Snow","Rain, Partially cloudy"
78,AK,13000,5222018,748,0,5,0,Y,0,,Y,NNN,N,,,,,93,UU,96,,,U,UU,,N,,,,,,,,,,,,,,N,,,,,,,,,,,,,,,,,,,,,,,,,,,,,,,,,,,,,,,,,AK_13000_5222018_748_0,1,118,N,N,52220182059,52220182105,52220182105,52220182135,,,,87,,,Y,1,1,0,3,2,0,N,0,0,0,0,0,,0,,U,N,,213,,1,2940,,Baranof,AVE,,,Ketchikan,AK,99901,,,5/22/2018,51.9,47.9,49.9,44.7,,1.35,0,18.6,29.5,5.1,90.8,94.15,"Mist, Rain, Heavy Rain, Light Rain","Rain, Overcast"
79,AK,13000,7072018,1040,0,5,0,Y,0,,Y,NNN,N,,,,,92,80,70,,,2,12,74,N,,,,,,,,,,NNN,,,,N,,,,,,,,,,,,,,,,,,,,,,,,,,,,,,,,,,,,,,,,,AK_13000_7072018_1040_0,1,141,N,N,70720180830,70720180837,70720180905,70720180931,,,,11,12,86,Y,1,1,0,2,2,0,N,0,0,0,0,0,,0,,,N,NN,961,,6,,,Third Avenue Bypass,,,,Ketchikan GatewayB,AK,99901,,3rd Ave lookout,7/7/2018,64.6,56.1,60.5,,,0.02,0,12.2,11.4,9.4,75.7,80.99,"Mist, Light Rain","Rain, Overcast"
80,AK,13000,9012018,1422,0,5,5,N,1,,Y,NNN,N,,,,,40,13,17,,63,2,33,,N,,,,,,,,,,210,,,,N,,,,,,,,,,,,11,2,2,1,2,2,0,70,30,,1,1,0,0,0,Y,12,63,1,1,1,2,U,,N,,,,,AK_13000_9012018_1422_0,1,111,N,2,90120182249,90120182256,,90220180233,,,,11,21,12,Y,2,1,0,3,2,0,N,30000,5000,500000,100000,0,,0,,U,N,58,429,,1,1789,,Tongass,AVE,,,Ketchikan,AK,99901,,,9/1/2018,58.7,50,53.6,,,0.61,0,15.5,32.2,7.7,76.1,86.64,"Mist, Rain, Heavy Rain, Light Rain","Rain, Overcast"
81,AK,13000,9172018,1532,0,5,0,Y,0,,Y,NNN,N,,,,,95,80,73,,,2,74,,N,,,,,,,,,,NNN,,,,N,,,,,,,,,,,,,,,,,,,,,,,,,,,,,,,,,,,,,,,,,AK_13000_9172018_1532_0,1,141,N,N,91720180609,91720180615,91720180734,91720180754,,,,11,,,Y,2,1,0,4,2,0,N,0,0,0,0,0,,0,,U,N,,900,,1,24,,Creek,ST,,,Ketchikan,AK,99901,,,9/17/2018,60.2,38.8,50.2,40.7,,0,0,13.8,2.2,9.9,13.6,65.86,,Clear
82,AK,13000,9222018,1567,0,5,1,N,1,,Y,NNN,N,,,,,22,UU,UU,,UU,U,30,,N,,,,,,,,,,,,,,N,,,,,,,,,,,,,,2,1,2,1,0,,,900,1,1,0,0,0,Y,,,1,1,U,U,,,N,,,,,AK_13000_9222018_1567_0,1,111,N,N,92220180948,92220180953,92220181015,92220181249,,,,11,31,,Y,3,2,0,5,4,0,N,1000,500,250000,50000,0,,0,,U,N,,419,,1,526,,Deermount,ST,,,Ketchikan,AK,99901,,,9/22/2018,60.8,44.6,52.6,40.7,,0,0,8.1,9.2,9.9,14.8,69.62,,Clear
83,AK,13000,9302018,1619,0,5,0,Y,0,,Y,NNN,N,,,,,52,64,UU,1,60,1,10,,,,,,,6,7,,16,1,,,,,N,,,,,,,,,,,,,,,,,,,,,,,,,,,,,,,,,,,,,,,,,AK_13000_9302018_1619_0,1,160,N,N,93020181652,93020181710,,1.00E+11,,,,80,,,Y,1,1,0,2,2,0,N,0,0,0,0,0,,0,,U,N,,898,,1,104,,Schoenbar,CT,,,Ketchikan,AK,99901,,,9/30/2018,64.8,41.4,50.3,38.7,,0,0,8.6,14.9,9.9,0,49.89,,Clear
84,AK,13000,10232018,1770,0,5,3,N,1,,Y,NNN,N,,,,,43,61,10,,63,2,11,,N,,,,,,,,,,,,,,N,,,,,,,,,,,,,,2,1,2,3,0,,,2400,1,1,0,0,0,Y,,,N,,,,,,N,,,,,AK_13000_10232018_1770_0,1,111,N,N,1.02E+11,1.02E+11,,1.02E+11,,,,11,12,81,Y,2,1,1,4,2,1,N,1000,0,252800,50000,0,,0,,U,N,,429,,1,135,,Austin,,,,Ketchikan,AK,99901,,,10/23/2018,59.1,50,53.1,46.6,,1.1,0,19.8,30.3,7.7,87.6,78.28,"Mist, Rain, Heavy Rain, Light Rain","Rain, Overcast"
85,AK,13000,11152018,1886,0,5,0,Y,0,,Y,NNN,N,,,,,92,13,UU,,UU,2,UU,,N,,,,,,,,,,200,,,,N,,,,,,,,,,,,10,2,,8,,,,,,,,0,0,0,0,Y,,,,,,,,,,,,,,AK_13000_11152018_1886_0,1,112,N,N,1.12E+11,1.12E+11,,1.12E+11,,,,87,,,Y,1,0,0,2,0,0,N,0,0,0,0,0,,0,,U,N,,983,,1,631,,Park,AVE,,,Ketchikan,AK,99901,,,11/15/2018,47.9,38.5,44,36.5,,0.23,0,12.9,17.2,9.4,61,89.99,"Mist, Light Rain","Rain, Partially cloudy"
86,AK,13000,11192018,1899,0,5,30,N,0,,Y,NNN,N,,,,,25,72,34,1,71,U,UU,,N,,,,,,,,,,,NNN,,,N,,,,,,,,,,,,,,1,1,2,3,0,,,7000,1,0,0,0,0,N,,,1,U,U,2,1,,U,,,,,AK_13000_11192018_1899_0,1,111,N,N,1.12E+11,1.12E+11,,1.12E+11,,,,11,51,80,Y,1,1,0,2,2,0,N,0,500,500000,1500000,0,,0,,,N,NN,429,,1,436,,Main,ST,,18,Ketchikan,AK,99901,,,11/19/2018,48.8,41,45.6,35.8,,0.17,0,17.1,28.9,6.8,72.2,87.13,"Mist, Rain, Fog, Heavy Rain, Light Rain","Rain, Partially cloudy"
87,AK,13000,11192018,1900,0,5,0,Y,0,,Y,NNN,N,,,,,83,12,UU,,64,3,20,12,N,,,,,,,,,,,342,,,3,48,OO,,,,,,,,,,,,,,,,,,,,,,,,,,,,,,,,,,,,,,,AK_13000_11192018_1900_0,1,134,N,N,1.12E+11,1.12E+11,1.12E+11,1.12E+11,,,,11,51,81,Y,1,1,0,2,2,0,N,50000,10000,150000,50000,0,,0,,U,N,,898,,1,600,,Water,ST,,,Ketchikan,AK,99901,,,11/19/2018,48.8,41,45.6,35.8,,0.17,0,17.1,28.9,6.8,72.2,87.13,"Mist, Rain, Fog, Heavy Rain, Light Rain","Rain, Partially cloudy"
88,AK,13000,11272018,1943,0,5,0,Y,0,,Y,NNN,N,,,,,81,13,UU,,41,U,30,,N,,,,,,,,,,,,,,3,11,FO,Explorer,1991,DYS424,AK,1FMDU34XXMUB60735,,,,,,,,,,,,,,,,,,,,,,,,,,,,,,,,,,AK_13000_11272018_1943_0,1,131,N,N,1.13E+11,1.13E+11,1.13E+11,1.13E+11,,,,12,,,Y,1,1,0,2,2,0,N,500,100,750,200,0,,0,,U,N,,962,,2,,,Hillside Rd,,,,Ketchikan,AK,99901,,Garden Lane,11/27/2018,46.9,44.1,46,42.9,,0.34,0,6.5,5.8,8.3,79.2,93.77,"Mist, Rain, Heavy Rain, Light Rain","Rain, Overcast"
89,AK,13000,12032018,1974,0,5,0,Y,0,,Y,NNN,N,,,,,83,10,UU,,41,3,NN,,N,,,,,,,,,,,,,,3,11,FO,Bronco,1983,HBU883,AK,1FMEU15Y3DLA33279,,,,,,,,,,,,,,,,,,,,,,,,,,,,,,,,,,AK_13000_12032018_1974_0,1,131,N,N,1.20E+11,1.20E+11,,1.20E+11,,,,87,,,Y,1,1,0,2,2,0,N,0,0,,,0,,0,,U,N,,960,,1,600,,Water,ST,,,Ketchikan,AK,99901,,,12/3/2018,33.2,25.6,28.9,21.5,,0,0,4.3,3.4,9.6,12.4,87.89,Mist,Clear
90,AK,13000,12042018,1984,0,5,2,N,1,,Y,NNN,N,,,,,24,UU,UU,,UU,U,UU,,N,,,,,,,,,,,,,,N,,,,,,,,,,,,,,2,1,2,2,0,,,1100,1,1,0,0,0,Y,UU,UU,U,,,,,,N,,,,,AK_13000_12042018_1984_0,1,111,N,2,1.20E+11,1.20E+11,,1.20E+11,,,,11,,,Y,3,3,3,8,4,3,N,25000,20000,310000,40000,0,,0,,U,N,,419,,1,3204,,Lincoln,CT,,,Ketchikan,AK,99901,,,12/4/2018,37.1,31.9,34.7,28.1,,0,0,6.4,5.8,9.9,75.2,87.39,,Overcast
91,AK,13000,12062018,1991,0,5,2,N,1,,Y,NNN,N,,,,,75,12,15,,65,2,43,12,N,,,,,,,,,,124,,,,N,,,,,,,,Wood Stove,,,,41,2,2,1,2,1,0,,,1200,1,1,0,0,0,Y,,,1,1,1,2,1,,N,,,,,AK_13000_12062018_1991_0,1,111,N,1,1.21E+11,1.21E+11,,1.21E+11,,,,11,12,,Y,1,1,0,2,2,0,N,10000,1000,250000,25000,0,,0,,1,N,,419,,1,933,,Park,AVE,,,Ketchikan,AK,99901,,,12/6/2018,34.2,26.5,30.4,21.1,,0,0,8.4,4.7,8.5,25.7,88.32,"Mist, Fog",Partially cloudy
92,AK,13000,12312018,2128,0,5,0,Y,0,,Y,NNN,N,,,,,83,UU,UU,,UU,2,UU,,N,,,,,,,,,,,,,,3,11,FO,Focus,2001,JBU838,AK,,,,,,,,,,,,,,,,,,,,,,,,,,,,,,,,,,,AK_13000_12312018_2128_0,1,131,N,N,1.23E+11,1.23E+11,,1.23E+11,,,,11,12,,Y,2,1,1,3,1,1,N,,,,,0,,0,,U,N,,965,,1,832,,Buren,RD,,,Ketchikan,AK,99901,,,12/31/2018,43.1,36,39.3,27.7,,1.75,0,22.1,33.4,5.2,87,90.56,"Mist, Rain, Heavy Rain, Light Rain","Rain, Overcast"
93,AK,13001,8172018,SFM-001,0,5,0,Y,0,2,N,NNN,N,,,,,95,83,72,,,2,73,,N,,,,,,,,,,NNN,,,,N,,,,,,,,,,,,,,,,,,,,,,,,,,,,,,,,,,,,,,,,,AK_13001_8172018_SFM-001_0,,141,N,N,81720181543,81720181543,,81720181543,,,,11,,,N,0,0,0,0,0,0,N,0,0,0,0,0,,0,,,N,NN,669,,1,,,Moser Bay,,,,Ketchikan Gateway Bo,AK,99901,,,8/17/2018,58.9,53.9,56.3,,,0.06,0,12.8,20.8,8,86.5,89.72,"Mist, Light Rain","Rain, Overcast"
94,AK,13400,1202018,14,0,5,0,Y,1,,Y,NNN,N,,,,,47,10,81,,,3,33,,N,,,,,,,,,,351,,,,N,,,,,,,,,,,,10,1,2,1,2,1,0,,,40000,1,1,0,0,0,N,,,1,1,2,2,3,,1,,,,,AK_13400_1202018_14_0,5,111,N,1,12020181902,12020181909,,12020182051,,,,11,21,86,Y,2,1,1,4,2,1,N,0,35000,,200000,0,,0,,2,N,NN,891,,1,2868,,Tongass,AVE,,,Saxman,AK,99901,,,1/20/2018,44,37.2,39.8,29.6,,0.21,0,17.8,27.2,9.3,83.9,87.67,"Fog, Light Rain","Rain, Overcast"
95,AK,13400,7232018,128,0,5,0,Y,0,,Y,NNN,N,,,,,95,UU,UU,,UU,U,UU,,N,,,,,,,,,,,711,,,N,,,,,,,,,,,,,,,,,,,,,,,,,,,,,,,,,,,,,,,,,AK_13400_7232018_128_0,4,140,N,N,72320181234,72320181241,72320181319,72320181339,,,,11,86,,Y,2,1,0,4,2,0,N,0,0,0,0,0,,0,,U,N,NN,937,,1,3539,S,Tongass,HWY,,,Ketchikan,AK,99901,,,7/23/2018,72,54,61.1,,,0,0,8.8,9.2,5.7,30.1,84.07,"Mist, Fog, Light Rain",Partially cloudy
96,AK,13400,7232018,129,0,5,0,Y,0,,Y,NNN,N,,,,,95,UU,UU,,UU,U,UU,,N,,,,,,,,,,,711,,,N,,,,,,,,,,,,,,,,,,,,,,,,,,,,,,,,,,,,,,,,,AK_13400_7232018_129_0,4,140,N,N,72320182017,72320182025,72320182126,72320182138,,,,11,86,,Y,2,0,0,4,0,0,N,0,0,0,0,0,,0,,U,N,,937,,1,3539,S,Tongass,HWY,,,Ketchikan,AK,99901,,,7/23/2018,72,54,61.1,,,0,0,8.8,9.2,5.7,30.1,84.07,"Mist, Fog, Light Rain",Partially cloudy
97,AK,13400,8312018,152,0,5,0,Y,0,,Y,NNN,N,,,,,94,UU,73,,,2,UU,,N,,,,,,,,,,,,,,N,,,,,,,,,,,,,,,,,,,,,,,,,,,,,,,,,,,,,,,,,AK_13400_8312018_152_0,4,140,N,N,83120181905,83120181915,,83120181925,,,,87,,,Y,2,0,1,4,0,1,N,0,0,0,0,0,,0,,U,N,NN,938,,1,8381,S,Tongass,HWY,,,Ketchikan,AK,99901,9990,,8/31/2018,62.7,51.2,56.7,,,0.13,0,13,18.3,8.2,77.2,79.41,"Mist, Light Rain","Rain, Overcast"
98,AK,13400,10162018,175,0,5,0,Y,0,,Y,NNN,N,,,,,83,10,99,,41,2,34,,N,,,,,,,,,,,,,,3,11,FO,PU,1996,KCJ420,AK,,,,,,,,,,,,,,,,,,,,,,,,,,,,,,,,,,,AK_13400_10162018_175_0,4,131,N,N,1.02E+11,1.02E+11,1.02E+11,1.02E+11,,,,11,31,,Y,2,0,1,4,0,1,N,0,0,,,0,0,0,1,,N,NN,965,,1,2316,,Tongass,AVE,,,Saxman,AK,99901,,,10/16/2018,60.8,42.1,51.1,36.7,,0,0,16.2,19.7,9.9,0,68.35,Smoke Or Haze,Clear
99,AK,13400,11192018,198,0,5,2,N,1,,Y,NNN,N,,,,,47,13,81,,,3,30,,N,,,,,,,,,,237,,,,N,,,,,,,,,,,,11,1,2,1,2,3,0,30,26,,1,1,0,0,0,Y,16,63,1,1,1,2,3,,N,,,,,AK_13400_11192018_198_0,4,111,N,2,1.12E+11,1.12E+11,1.12E+11,1.12E+11,,,,11,21,51,Y,3,1,1,6,1,1,N,0,0,0,0,0,,0,,2,N,,419,,1,94,,Franklin,RD,,,Ketchikan,AK,99901,,,11/19/2018,48.8,41,45.6,35.8,,0.17,0,17.1,28.9,6.8,72.2,87.13,"Mist, Rain, Fog, Heavy Rain, Light Rain","Rain, Partially cloudy"